,Team,Year,W,L,Pct,Attend,Payroll,OPS,ERA
0,New York Yankees,2019,103,59,0.6358024691358025,3304404,206410000,0.8290000000000001,4.31
1,Tampa Bay Rays,2019,96,66,0.5925925925925926,1178735,68980000,0.757,3.65
2,Boston Red Sox,2019,84,78,0.5185185185185185,2924627,213190000,0.8059999999999999,4.7
3,Toronto Blue Jays,2019,67,95,0.41358024691358025,1750144,66630000,0.733,4.79
4,Baltimore Orioles,2019,54,108,0.3333333333333333,1307807,67370000,0.725,5.59
5,Minnesota Twins,2019,101,61,0.6234567901234568,2294152,113590000,0.8320000000000001,4.18
6,Cleveland Indians,2019,93,69,0.5740740740740741,1738642,107350000,0.7559999999999999,3.76
7,Chicago White Sox,2019,72,89,0.4472049689440994,1649775,96700000,0.728,4.9
8,Kansas City Royals,2019,59,103,0.3641975308641976,1479659,83080000,0.71,5.2
9,Detroit Tigers,2019,47,114,0.2919254658385093,1501430,96240000,0.682,5.24
10,Houston Astros,2019,107,55,0.6604938271604939,2857367,177440000,0.848,3.66
11,Oakland Athletics,2019,97,65,0.5987654320987654,1662211,96830000,0.7759999999999999,3.97
12,Texas Rangers,2019,78,84,0.4814814814814815,2132994,102460000,0.75,5.06
13,Los Angeles Angels,2019,72,90,0.4444444444444444,3019012,167460000,0.746,5.12
14,Seattle Mariners,2019,68,94,0.41975308641975306,1791863,135800000,0.74,4.99
15,Atlanta Braves,2019,97,65,0.5987654320987654,2655100,110530000,0.789,4.19
16,Washington Nationals,2019,93,69,0.5740740740740741,2259781,181400000,0.7959999999999999,4.27
17,New York Mets,2019,86,76,0.5308641975308642,2442532,161870000,0.77,4.24
18,Philadelphia Phillies,2019,81,81,0.5,2727421,172370000,0.746,4.53
19,Miami Marlins,2019,57,105,0.35185185185185186,811302,62910000,0.6729999999999999,4.74
20,St. Louis Cardinals,2019,91,71,0.5617283950617284,3480393,150370000,0.737,3.8
21,Milwaukee Brewers,2019,89,73,0.5493827160493827,2923333,130390000,0.767,4.4
22,Chicago Cubs,2019,84,78,0.5185185185185185,3094865,208200000,0.7829999999999999,4.1
23,Cincinnati Reds,2019,75,87,0.462962962962963,1808685,128820000,0.736,4.18
24,Pittsburgh Pirates,2019,69,93,0.4259259259259259,1491439,65920000,0.741,5.18
25,Los Angeles Dodgers,2019,106,56,0.654320987654321,3974309,152860000,0.81,3.37
26,Arizona Diamondbacks,2019,85,77,0.5246913580246914,2135510,107580000,0.757,4.25
27,San Francisco Giants,2019,77,85,0.4753086419753086,2707760,138030000,0.6940000000000001,4.38
28,Colorado Rockies,2019,71,91,0.4382716049382716,2993244,149340000,0.782,5.56
29,San Diego Padres,2019,70,92,0.4320987654320987,2396399,94430000,0.718,4.6
30,Boston Red Sox,2018,108,54,0.6666666666666666,2895575,235649368,0.792,3.75
31,New York Yankees,2018,100,62,0.6172839506172839,3482855,168541038,0.7809999999999999,3.78
32,Tampa Bay Rays,2018,90,72,0.5555555555555556,1154973,78231049,0.74,3.74
33,Toronto Blue Jays,2018,73,89,0.4506172839506173,2325281,162664502,0.7390000000000001,4.85
34,Baltimore Orioles,2018,47,115,0.2901234567901235,1564192,143600045,0.6890000000000001,5.18
35,Cleveland Indians,2018,91,71,0.5617283950617284,1926701,137346173,0.7659999999999999,3.77
36,Minnesota Twins,2018,78,84,0.4814814814814815,1959197,131374996,0.723,4.5
37,Detroit Tigers,2018,64,98,0.3950617283950617,1856970,129917192,0.68,4.58
38,Chicago White Sox,2018,62,100,0.382716049382716,1608817,72177640,0.703,4.83
39,Kansas City Royals,2018,58,104,0.3580246913580247,1665107,129967987,0.6970000000000001,4.94
40,Houston Astros,2018,103,59,0.6358024691358025,2980549,159529730,0.754,3.11
41,Oakland Athletics,2018,97,65,0.5987654320987654,1573616,68534631,0.764,3.81
42,Seattle Mariners,2018,89,73,0.5493827160493827,2299489,162480174,0.722,4.13
43,Los Angeles Angels,2018,80,82,0.4938271604938271,3020216,174592209,0.726,4.15
44,Texas Rangers,2018,67,95,0.41358024691358025,2107107,144498078,0.722,4.92
45,Atlanta Braves,2018,90,72,0.5555555555555556,2555781,120542785,0.742,3.75
46,Washington Nationals,2018,82,80,0.5061728395061729,2529604,181586759,0.753,4.04
47,Philadelphia Phillies,2018,80,82,0.4938271604938271,2158124,96848371,0.7070000000000001,4.14
48,New York Mets,2018,77,85,0.4753086419753086,2224995,155765125,0.701,4.07
49,Miami Marlins,2018,63,98,0.39130434782608703,811104,98826644,0.659,4.76
50,Milwaukee Brewers,2018,96,67,0.588957055214724,2850875,90237112,0.747,3.73
51,Chicago Cubs,2018,95,68,0.5828220858895705,3181089,183463459,0.7440000000000001,3.65
52,St. Louis Cardinals,2018,88,74,0.5432098765432098,3403587,161005146,0.73,3.85
53,Pittsburgh Pirates,2018,82,79,0.5093167701863354,1465316,87860654,0.725,4.0
54,Cincinnati Reds,2018,67,95,0.41358024691358025,1629356,101185579,0.7290000000000001,4.63
55,Los Angeles Dodgers,2018,92,71,0.5644171779141104,3857500,186138211,0.774,3.38
56,Colorado Rockies,2018,91,72,0.558282208588957,3015880,141339833,0.757,4.33
57,Arizona Diamondbacks,2018,82,80,0.5061728395061729,2242695,132495446,0.7070000000000001,3.72
58,San Francisco Giants,2018,73,89,0.4506172839506173,3156185,208509901,0.667,3.95
59,San Diego Padres,2018,66,96,0.4074074074074074,2168536,96131798,0.677,4.4
60,Boston Red Sox,2017,93,69,0.5740740740740741,2917678,174287098,0.736,3.7
61,New York Yankees,2017,91,71,0.5617283950617284,3154938,170389199,0.785,3.72
62,Tampa Bay Rays,2017,80,82,0.4938271604938271,1253619,69982520,0.7390000000000001,3.97
63,Toronto Blue Jays,2017,76,86,0.4691358024691358,3203886,162353367,0.7240000000000001,4.42
64,Baltimore Orioles,2017,75,87,0.462962962962963,2028424,161684185,0.747,4.97
65,Cleveland Indians,2017,102,60,0.6296296296296297,2048138,115991166,0.7879999999999999,3.3
66,Minnesota Twins,2017,85,77,0.5246913580246914,2051279,100787500,0.768,4.59
67,Kansas City Royals,2017,80,82,0.4938271604938271,2220370,132091916,0.731,4.61
68,Chicago White Sox,2017,67,95,0.41358024691358025,1629470,109591167,0.731,4.78
69,Detroit Tigers,2017,64,98,0.3950617283950617,2321599,180250600,0.748,5.36
70,Houston Astros,2017,101,61,0.6234567901234568,2403671,127443900,0.823,4.12
71,Los Angeles Angels,2017,80,82,0.4938271604938271,3019585,143965833,0.7120000000000001,4.2
72,Seattle Mariners,2017,78,84,0.4814814814814815,2135445,155207720,0.7490000000000001,4.46
73,Texas Rangers,2017,78,84,0.4814814814814815,2507760,178431396,0.75,4.66
74,Oakland Athletics,2017,75,87,0.462962962962963,1475721,70601667,0.755,4.67
75,Washington Nationals,2017,97,65,0.5987654320987654,2524980,162742157,0.782,3.88
76,Miami Marlins,2017,77,85,0.4753086419753086,1583014,115348302,0.7609999999999999,4.82
77,Atlanta Braves,2017,72,90,0.4444444444444444,2505252,137339527,0.738,4.72
78,New York Mets,2017,70,92,0.4320987654320987,2460622,176284679,0.755,5.01
79,Philadelphia Phillies,2017,66,96,0.4074074074074074,1905354,87418378,0.723,4.55
80,Chicago Cubs,2017,92,70,0.5679012345679012,3199562,170088502,0.775,3.95
81,Milwaukee Brewers,2017,86,76,0.5308641975308642,2627705,61020089,0.7509999999999999,4.0
82,St. Louis Cardinals,2017,83,79,0.5123456790123457,3448337,146630000,0.76,4.01
83,Pittsburgh Pirates,2017,75,87,0.462962962962963,1919447,94637833,0.7040000000000001,4.22
84,Cincinnati Reds,2017,68,94,0.41975308641975306,1836917,82375785,0.7609999999999999,5.17
85,Los Angeles Dodgers,2017,104,58,0.6419753086419753,3765856,187989811,0.7709999999999999,3.38
86,Arizona Diamondbacks,2017,93,69,0.5740740740740741,2134375,90730499,0.774,3.66
87,Colorado Rockies,2017,87,75,0.5370370370370371,2953650,101513571,0.7809999999999999,4.51
88,San Diego Padres,2017,71,91,0.4382716049382716,2138491,34574400,0.6920000000000001,4.67
89,San Francisco Giants,2017,64,98,0.3950617283950617,3303652,176531278,0.6890000000000001,4.5
90,Boston Red Sox,2016,93,69,0.5740740740740741,2955434,199864178,0.81,4.0
91,Baltimore Orioles,2016,89,73,0.5493827160493827,2172344,147943713,0.76,4.22
92,Toronto Blue Jays,2016,89,73,0.5493827160493827,3392099,140582027,0.755,3.78
93,New York Yankees,2016,84,78,0.5185185185185185,3063405,227854349,0.72,4.16
94,Tampa Bay Rays,2016,68,94,0.41975308641975306,1286163,64120323,0.733,4.2
95,Cleveland Indians,2016,94,67,0.5838509316770186,1591667,98006899,0.759,3.84
96,Detroit Tigers,2016,86,75,0.5341614906832298,2493859,199525500,0.769,4.24
97,Kansas City Royals,2016,81,81,0.5,2557712,137606125,0.7120000000000001,4.21
98,Chicago White Sox,2016,78,84,0.4814814814814815,1746293,115998667,0.727,4.1
99,Minnesota Twins,2016,59,103,0.3641975308641976,1963912,104591200,0.738,5.08
100,Texas Rangers,2016,95,67,0.5864197530864198,2710402,161246720,0.755,4.37
101,Seattle Mariners,2016,86,76,0.5308641975308642,2267928,144996858,0.7559999999999999,4.0
102,Houston Astros,2016,84,78,0.5185185185185185,2306623,96643000,0.735,4.06
103,Los Angeles Angels,2016,74,88,0.4567901234567901,3016142,166831190,0.726,4.28
104,Oakland Athletics,2016,69,93,0.4259259259259259,1521506,85823390,0.6990000000000001,4.51
105,Washington Nationals,2016,95,67,0.5864197530864198,2481938,146686385,0.7509999999999999,3.51
106,New York Mets,2016,87,75,0.5370370370370371,2789602,130612115,0.733,3.57
107,Miami Marlins,2016,79,82,0.4906832298136646,1712417,70464500,0.716,4.05
108,Philadelphia Phillies,2016,71,91,0.4382716049382716,1915144,103346668,0.685,4.63
109,Atlanta Braves,2016,68,93,0.42236024844720504,2020914,84821541,0.705,4.51
110,Chicago Cubs,2016,103,58,0.639751552795031,3232420,167444167,0.772,3.15
111,St. Louis Cardinals,2016,86,76,0.5308641975308642,3444490,149186000,0.767,4.08
112,Pittsburgh Pirates,2016,78,83,0.484472049689441,2249201,99960499,0.7340000000000001,4.21
113,Milwaukee Brewers,2016,73,89,0.4506172839506173,2314614,62964319,0.7290000000000001,4.08
114,Cincinnati Reds,2016,68,94,0.41975308641975306,1894085,93171452,0.7240000000000001,4.91
115,Los Angeles Dodgers,2016,91,71,0.5617283950617284,3703312,253639162,0.728,3.7
116,San Francisco Giants,2016,87,75,0.5370370370370371,3365256,171464943,0.728,3.65
117,Colorado Rockies,2016,75,87,0.462962962962963,2602524,113242571,0.794,4.91
118,Arizona Diamondbacks,2016,69,93,0.4259259259259259,2036216,98657436,0.752,5.09
119,San Diego Padres,2016,68,94,0.41975308641975306,2351422,100547000,0.6890000000000001,4.43
120,Toronto Blue Jays,2015,93,69,0.5740740740740741,2794891,116415800,0.797,3.8
121,New York Yankees,2015,87,75,0.5370370370370371,3193795,213472857,0.7440000000000001,4.03
122,Baltimore Orioles,2015,81,81,0.5,2281202,118862632,0.728,4.05
123,Tampa Bay Rays,2015,80,82,0.4938271604938271,1287054,74849584,0.72,3.74
124,Boston Red Sox,2015,78,84,0.4814814814814815,2880694,168691914,0.74,4.31
125,Kansas City Royals,2015,95,67,0.5864197530864198,2708549,112914525,0.7340000000000001,3.73
126,Minnesota Twins,2015,83,79,0.5123456790123457,2220054,108262000,0.7040000000000001,4.07
127,Cleveland Indians,2015,81,80,0.5031055900621118,1388905,87746766,0.725,3.67
128,Chicago White Sox,2015,76,86,0.4691358024691358,1755810,110712866,0.6859999999999999,3.98
129,Detroit Tigers,2015,74,87,0.4596273291925466,2726048,172792250,0.748,4.64
130,Texas Rangers,2015,88,74,0.5432098765432098,2491875,144816873,0.7390000000000001,4.24
131,Houston Astros,2015,86,76,0.5308641975308642,2153585,69064200,0.752,3.57
132,Los Angeles Angels,2015,85,77,0.5246913580246914,3012765,146449583,0.7020000000000001,3.94
133,Seattle Mariners,2015,76,86,0.4691358024691358,2193581,123225842,0.722,4.16
134,Oakland Athletics,2015,68,94,0.41975308641975306,1768175,80786666,0.7070000000000001,4.14
135,New York Mets,2015,90,72,0.5555555555555556,2569753,100133953,0.7120000000000001,3.43
136,Washington Nationals,2015,83,79,0.5123456790123457,2619843,174510977,0.7240000000000001,3.62
137,Miami Marlins,2015,71,91,0.4382716049382716,1752235,84637500,0.6940000000000001,4.02
138,Atlanta Braves,2015,67,95,0.41358024691358025,2001392,89622648,0.674,4.41
139,Philadelphia Phillies,2015,63,99,0.3888888888888889,1831080,133048000,0.684,4.69
140,St. Louis Cardinals,2015,100,62,0.6172839506172839,3520889,120301957,0.716,2.94
141,Pittsburgh Pirates,2015,98,64,0.6049382716049383,2498596,85885832,0.7190000000000001,3.21
142,Chicago Cubs,2015,97,65,0.5987654320987654,2919122,117164522,0.7190000000000001,3.36
143,Milwaukee Brewers,2015,68,94,0.41975308641975306,2542558,98683035,0.7,4.28
144,Cincinnati Reds,2015,64,98,0.3950617283950617,2419506,117732284,0.706,4.33
145,Los Angeles Dodgers,2015,92,70,0.5679012345679012,3764815,230352402,0.7390000000000001,3.44
146,San Francisco Giants,2015,84,78,0.5185185185185185,3375882,166495942,0.732,3.72
147,Arizona Diamondbacks,2015,79,83,0.4876543209876543,2080145,65770333,0.738,4.04
148,San Diego Padres,2015,74,88,0.4567901234567901,2459752,126619628,0.685,4.09
149,Colorado Rockies,2015,68,94,0.41975308641975306,2506789,98261171,0.748,5.04
150,Baltimore Orioles,2014,96,66,0.5925925925925926,2464473,107406623,0.7340000000000001,3.43
151,New York Yankees,2014,84,78,0.5185185185185185,3401624,203812506,0.687,3.75
152,Toronto Blue Jays,2014,83,79,0.5123456790123457,2375525,132628700,0.736,4.0
153,Tampa Bay Rays,2014,77,85,0.4753086419753086,1446464,77062891,0.684,3.56
154,Boston Red Sox,2014,71,91,0.4382716049382716,2956089,162817411,0.684,4.01
155,Detroit Tigers,2014,90,72,0.5555555555555556,2917209,162228527,0.757,4.01
156,Kansas City Royals,2014,89,73,0.5493827160493827,1956482,92034345,0.69,3.51
157,Cleveland Indians,2014,85,77,0.5246913580246914,1437393,82534800,0.706,3.56
158,Chicago White Sox,2014,73,89,0.4506172839506173,1650821,91159254,0.708,4.29
159,Minnesota Twins,2014,70,92,0.4320987654320987,2250606,85776500,0.713,4.57
160,Los Angeles Angels,2014,98,64,0.6049382716049383,3095935,155692000,0.728,3.58
161,Oakland Athletics,2014,88,74,0.5432098765432098,2003628,83401400,0.7,3.22
162,Seattle Mariners,2014,87,75,0.5370370370370371,2064334,92081943,0.6759999999999999,3.17
163,Houston Astros,2014,70,92,0.4320987654320987,1751829,44544174,0.6920000000000001,4.11
164,Texas Rangers,2014,67,95,0.41358024691358025,2718733,136036172,0.6890000000000001,4.49
165,Washington Nationals,2014,96,66,0.5925925925925926,2579389,134704437,0.7140000000000001,3.03
166,Atlanta Braves,2014,79,83,0.4876543209876543,2354305,110897341,0.665,3.38
167,New York Mets,2014,79,83,0.4876543209876543,2148808,89051758,0.6729999999999999,3.49
168,Miami Marlins,2014,77,85,0.4753086419753086,1732283,47565400,0.6940000000000001,3.78
169,Philadelphia Phillies,2014,73,89,0.4506172839506173,2423852,180052723,0.665,3.79
170,St. Louis Cardinals,2014,90,72,0.5555555555555556,3540649,111020360,0.6890000000000001,3.5
171,Pittsburgh Pirates,2014,88,74,0.5432098765432098,2442564,78111667,0.7340000000000001,3.47
172,Milwaukee Brewers,2014,82,80,0.5061728395061729,2797384,103844806,0.708,3.67
173,Cincinnati Reds,2014,76,86,0.4691358024691358,2476664,112390772,0.6609999999999999,3.59
174,Chicago Cubs,2014,73,89,0.4506172839506173,2652113,89007857,0.684,3.91
175,Los Angeles Dodgers,2014,94,68,0.5802469135802469,3782337,235295219,0.738,3.4
176,San Francisco Giants,2014,88,74,0.5432098765432098,3368697,154185878,0.6990000000000001,3.5
177,San Diego Padres,2014,77,85,0.4753086419753086,2195373,90094196,0.634,3.27
178,Colorado Rockies,2014,66,96,0.4074074074074074,2680329,95832071,0.772,4.84
179,Arizona Diamondbacks,2014,64,98,0.3950617283950617,2073730,112688666,0.6779999999999999,4.26
180,Boston Red Sox,2013,97,65,0.5987654320987654,2833333,158967286,0.795,3.79
181,Tampa Bay Rays,2013,92,71,0.5644171779141104,1510300,57030272,0.737,3.74
182,Baltimore Orioles,2013,85,77,0.5246913580246914,2357561,91793333,0.7440000000000001,4.2
183,New York Yankees,2013,85,77,0.5246913580246914,3279589,228995945,0.6829999999999999,3.94
184,Toronto Blue Jays,2013,74,88,0.4567901234567901,2536562,118244039,0.7290000000000001,4.25
185,Detroit Tigers,2013,93,69,0.5740740740740741,3083397,149046844,0.78,3.61
186,Cleveland Indians,2013,92,70,0.5679012345679012,1572926,82517300,0.737,3.82
187,Kansas City Royals,2013,86,76,0.5308641975308642,1750754,80491725,0.6940000000000001,3.45
188,Minnesota Twins,2013,66,96,0.4074074074074074,2477644,75562500,0.6920000000000001,4.55
189,Chicago White Sox,2013,63,99,0.3888888888888889,1768413,124065277,0.68,3.98
190,Oakland Athletics,2013,96,66,0.5925925925925926,1809302,68577000,0.745,3.56
191,Texas Rangers,2013,91,72,0.558282208588957,3178273,127197575,0.735,3.62
192,Los Angeles Angels,2013,78,84,0.4814814814814815,3019505,142165250,0.743,4.23
193,Seattle Mariners,2013,71,91,0.4382716049382716,1761546,84295952,0.695,4.31
194,Houston Astros,2013,51,111,0.3148148148148148,1651883,24328538,0.674,4.79
195,Atlanta Braves,2013,96,66,0.5925925925925926,2548679,89288193,0.723,3.18
196,Washington Nationals,2013,86,76,0.5308641975308642,2652422,112431770,0.71,3.59
197,New York Mets,2013,74,88,0.4567901234567901,2135657,88877033,0.672,3.77
198,Philadelphia Phillies,2013,73,89,0.4506172839506173,3012403,159578214,0.69,4.32
199,Miami Marlins,2013,62,100,0.382716049382716,1586322,39621900,0.627,3.71
200,St. Louis Cardinals,2013,97,65,0.5987654320987654,3369769,116702085,0.733,3.42
201,Pittsburgh Pirates,2013,94,68,0.5802469135802469,2256862,66289524,0.7090000000000001,3.26
202,Cincinnati Reds,2013,90,72,0.5555555555555556,2492101,110565728,0.718,3.38
203,Milwaukee Brewers,2013,74,88,0.4567901234567901,2531105,91003366,0.708,3.84
204,Chicago Cubs,2013,66,96,0.4074074074074074,2642682,104150726,0.693,4.0
205,Los Angeles Dodgers,2013,92,70,0.5679012345679012,3743527,216302909,0.722,3.25
206,Arizona Diamondbacks,2013,81,81,0.5,2134895,90158500,0.715,3.92
207,San Diego Padres,2013,76,86,0.4691358024691358,2166691,71689900,0.6859999999999999,3.98
208,San Francisco Giants,2013,76,86,0.4691358024691358,3369106,142180333,0.7020000000000001,4.0
209,Colorado Rockies,2013,74,88,0.4567901234567901,2793828,75449071,0.741,4.44
210,New York Yankees,2012,95,67,0.5864197530864198,3542406,197962289,0.79,3.84
211,Baltimore Orioles,2012,93,69,0.5740740740740741,2102240,81428999,0.728,3.9
212,Tampa Bay Rays,2012,90,72,0.5555555555555556,1559681,64173500,0.711,3.19
213,Toronto Blue Jays,2012,73,89,0.4506172839506173,2099663,75489200,0.716,4.64
214,Boston Red Sox,2012,69,93,0.4259259259259259,3043003,173186617,0.73,4.7
215,Detroit Tigers,2012,88,74,0.5432098765432098,3028033,132300000,0.757,3.75
216,Chicago White Sox,2012,85,77,0.5246913580246914,1965955,96919500,0.74,4.02
217,Kansas City Royals,2012,72,90,0.4444444444444444,1739859,60916225,0.716,4.3
218,Cleveland Indians,2012,68,94,0.41975308641975306,1603596,78430300,0.705,4.78
219,Minnesota Twins,2012,66,96,0.4074074074074074,2776354,94085000,0.715,4.77
220,Oakland Athletics,2012,94,68,0.5802469135802469,1679013,55372500,0.7140000000000001,3.48
221,Texas Rangers,2012,93,69,0.5740740740740741,3460280,120510974,0.78,3.99
222,Los Angeles Angels,2012,89,73,0.5493827160493827,3061770,154485166,0.764,4.02
223,Seattle Mariners,2012,75,87,0.462962962962963,1721920,117620683,0.665,3.76
224,Washington Nationals,2012,98,64,0.6049382716049383,2370794,81336143,0.75,3.33
225,Atlanta Braves,2012,94,68,0.5802469135802469,2420171,83309942,0.7090000000000001,3.42
226,Philadelphia Phillies,2012,81,81,0.5,3565718,174538938,0.716,3.83
227,New York Mets,2012,74,88,0.4567901234567901,2242803,93353983,0.701,4.09
228,Miami Marlins,2012,69,93,0.4259259259259259,2219444,118078000,0.69,4.09
229,Cincinnati Reds,2012,97,65,0.5987654320987654,2347251,82203616,0.726,3.34
230,St. Louis Cardinals,2012,88,74,0.5432098765432098,3262109,110300862,0.759,3.71
231,Milwaukee Brewers,2012,83,79,0.5123456790123457,2831385,97653944,0.762,4.22
232,Pittsburgh Pirates,2012,79,83,0.4876543209876543,2091918,63431999,0.6990000000000001,3.86
233,Chicago Cubs,2012,61,101,0.3765432098765432,2882756,88197033,0.68,4.51
234,Houston Astros,2012,55,107,0.3395061728395062,1607733,60651000,0.6729999999999999,4.56
235,San Francisco Giants,2012,94,68,0.5802469135802469,3377371,81978100,0.7240000000000001,3.68
236,Los Angeles Dodgers,2012,86,76,0.5308641975308642,3324246,95143575,0.69,3.34
237,Arizona Diamondbacks,2012,81,81,0.5,2177617,74284833,0.746,3.93
238,San Diego Padres,2012,76,86,0.4691358024691358,2123721,55244700,0.6990000000000001,4.01
239,Colorado Rockies,2012,64,98,0.3950617283950617,2630458,78069571,0.7659999999999999,5.22
240,New York Yankees,2011,97,65,0.5987654320987654,3653680,202689028,0.7879999999999999,3.73
241,Tampa Bay Rays,2011,91,71,0.5617283950617284,1529188,41053571,0.7240000000000001,3.58
242,Boston Red Sox,2011,90,72,0.5555555555555556,3054001,161762475,0.81,4.2
243,Toronto Blue Jays,2011,81,81,0.5,1818103,62567800,0.73,4.32
244,Baltimore Orioles,2011,69,93,0.4259259259259259,1755461,85304038,0.7290000000000001,4.89
245,Detroit Tigers,2011,95,67,0.5864197530864198,2642045,105700231,0.773,4.04
246,Cleveland Indians,2011,80,82,0.4938271604938271,1840835,49190566,0.7140000000000001,4.23
247,Chicago White Sox,2011,79,83,0.4876543209876543,2001117,127789000,0.706,4.1
248,Kansas City Royals,2011,71,91,0.4382716049382716,1724450,36126000,0.7440000000000001,4.44
249,Minnesota Twins,2011,63,99,0.3888888888888889,3168116,112737000,0.6659999999999999,4.58
250,Texas Rangers,2011,96,66,0.5925925925925926,2946949,92299264,0.8,3.79
251,Los Angeles Angels,2011,86,76,0.5308641975308642,3166321,138543166,0.7140000000000001,3.57
252,Oakland Athletics,2011,74,88,0.4567901234567901,1476791,66536500,0.68,3.71
253,Seattle Mariners,2011,67,95,0.41358024691358025,1896321,86524600,0.64,3.9
254,Philadelphia Phillies,2011,102,60,0.6296296296296297,3680718,172976379,0.7170000000000001,3.02
255,Atlanta Braves,2011,89,73,0.5493827160493827,2372940,87002692,0.695,3.48
256,Washington Nationals,2011,80,81,0.4968944099378882,1940478,63856928,0.691,3.58
257,New York Mets,2011,77,85,0.4753086419753086,2352596,118847309,0.725,4.19
258,Miami Marlins,2011,72,90,0.4444444444444444,1520562,56944000,0.706,3.95
259,Milwaukee Brewers,2011,96,66,0.5925925925925926,3071373,85497333,0.75,3.63
260,St. Louis Cardinals,2011,90,72,0.5555555555555556,3093954,105433572,0.7659999999999999,3.74
261,Cincinnati Reds,2011,79,83,0.4876543209876543,2213588,75947134,0.7340000000000001,4.16
262,Pittsburgh Pirates,2011,72,90,0.4444444444444444,1940429,45047000,0.6759999999999999,4.04
263,Chicago Cubs,2011,71,91,0.4382716049382716,3017966,125047329,0.715,4.33
264,Houston Astros,2011,56,106,0.34567901234567894,2067016,70694000,0.684,4.51
265,Arizona Diamondbacks,2011,94,68,0.5802469135802469,2105432,53639833,0.736,3.8
266,San Francisco Giants,2011,86,76,0.5308641975308642,3387303,118198333,0.6709999999999999,3.2
267,Los Angeles Dodgers,2011,82,79,0.5093167701863354,2935139,104188999,0.6970000000000001,3.54
268,Colorado Rockies,2011,73,89,0.4506172839506173,2909777,88148071,0.7390000000000001,4.43
269,San Diego Padres,2011,71,91,0.4382716049382716,2143018,45869140,0.653,3.42
270,Tampa Bay Rays,2010,96,66,0.5925925925925926,1864999,71923471,0.736,3.78
271,New York Yankees,2010,95,67,0.5864197530864198,3765807,206333389,0.7859999999999999,4.06
272,Boston Red Sox,2010,89,73,0.5493827160493827,3046445,162747333,0.79,4.2
273,Toronto Blue Jays,2010,85,77,0.5246913580246914,1495482,62689357,0.7659999999999999,4.22
274,Baltimore Orioles,2010,66,96,0.4074074074074074,1733019,81612500,0.7020000000000001,4.59
275,Minnesota Twins,2010,94,68,0.5802469135802469,3223640,97559167,0.762,3.95
276,Chicago White Sox,2010,88,74,0.5432098765432098,2194378,108273197,0.752,4.09
277,Detroit Tigers,2010,81,81,0.5,2461237,122864929,0.75,4.3
278,Cleveland Indians,2010,69,93,0.4259259259259259,1391644,61203967,0.7,4.3
279,Kansas City Royals,2010,67,95,0.41358024691358025,1615327,72267710,0.73,4.97
280,Texas Rangers,2010,90,72,0.5555555555555556,2505171,55250545,0.757,3.93
281,Oakland Athletics,2010,81,81,0.5,1418391,51654900,0.7020000000000001,3.56
282,Los Angeles Angels,2010,80,82,0.4938271604938271,3250814,105013667,0.7020000000000001,4.04
283,Seattle Mariners,2010,61,101,0.3765432098765432,2085630,98376667,0.637,3.93
284,Philadelphia Phillies,2010,97,65,0.5987654320987654,3777322,141927381,0.745,3.67
285,Atlanta Braves,2010,91,71,0.5617283950617284,2510119,84423667,0.74,3.56
286,Miami Marlins,2010,80,82,0.4938271604938271,1524894,55641500,0.7240000000000001,4.08
287,New York Mets,2010,79,83,0.4876543209876543,2559738,132701445,0.6970000000000001,3.7
288,Washington Nationals,2010,69,93,0.4259259259259259,1828066,61425000,0.708,4.13
289,Cincinnati Reds,2010,91,71,0.5617283950617284,2060550,72386544,0.774,4.01
290,St. Louis Cardinals,2010,86,76,0.5308641975308642,3301218,93540753,0.733,3.57
291,Milwaukee Brewers,2010,77,85,0.4753086419753086,2776531,81108279,0.759,4.58
292,Houston Astros,2010,76,86,0.4691358024691358,2331490,92355500,0.665,4.09
293,Chicago Cubs,2010,75,87,0.462962962962963,3062973,146859000,0.721,4.18
294,Pittsburgh Pirates,2010,57,105,0.35185185185185186,1613399,34943000,0.6779999999999999,5.0
295,San Francisco Giants,2010,92,70,0.5679012345679012,3037443,97828833,0.7290000000000001,3.36
296,San Diego Padres,2010,90,72,0.5555555555555556,2131774,37799300,0.6890000000000001,3.39
297,Colorado Rockies,2010,83,79,0.5123456790123457,2875245,84227000,0.76,4.14
298,Los Angeles Dodgers,2010,80,82,0.4938271604938271,3562320,94945517,0.7,4.01
299,Arizona Diamondbacks,2010,65,97,0.4012345679012346,2056697,60718167,0.74,4.81
300,New York Yankees,2009,103,59,0.6358024691358025,3719358,201449189,0.8390000000000001,4.26
301,Boston Red Sox,2009,95,67,0.5864197530864198,3062699,121745999,0.8059999999999999,4.35
302,Tampa Bay Rays,2009,84,78,0.5185185185185185,1874962,63313034,0.782,4.33
303,Toronto Blue Jays,2009,75,87,0.462962962962963,1876129,80538300,0.773,4.47
304,Baltimore Orioles,2009,64,98,0.3950617283950617,1907163,67101666,0.747,5.15
305,Minnesota Twins,2009,87,76,0.5337423312883436,2416237,65299266,0.774,4.5
306,Detroit Tigers,2009,86,77,0.5276073619631901,2567165,115085145,0.747,4.29
307,Chicago White Sox,2009,79,83,0.4876543209876543,2284163,96068500,0.74,4.14
308,Cleveland Indians,2009,65,97,0.4012345679012346,1766242,81579166,0.7559999999999999,5.06
309,Kansas City Royals,2009,65,97,0.4012345679012346,1797891,70519333,0.7240000000000001,4.83
310,Los Angeles Angels,2009,97,65,0.5987654320987654,3240386,113709000,0.792,4.45
311,Texas Rangers,2009,87,75,0.5370370370370371,2156016,68178798,0.764,4.38
312,Seattle Mariners,2009,85,77,0.5246913580246914,2195533,98904166,0.716,3.87
313,Oakland Athletics,2009,75,87,0.462962962962963,1408783,62310000,0.726,4.26
314,Philadelphia Phillies,2009,93,69,0.5740740740740741,3600693,113004046,0.7809999999999999,4.16
315,Miami Marlins,2009,87,75,0.5370370370370371,1464109,36834000,0.7559999999999999,4.29
316,Atlanta Braves,2009,86,76,0.5308641975308642,2373631,96726166,0.7440000000000001,3.57
317,New York Mets,2009,70,92,0.4320987654320987,3168571,149373987,0.7290000000000001,4.45
318,Washington Nationals,2009,59,103,0.3641975308641976,1817226,60328000,0.743,5.0
319,St. Louis Cardinals,2009,91,71,0.5617283950617284,3343252,77605109,0.747,3.66
320,Chicago Cubs,2009,83,78,0.515527950310559,3168859,134809000,0.738,3.84
321,Milwaukee Brewers,2009,80,82,0.4938271604938271,3037451,80182502,0.767,4.83
322,Cincinnati Reds,2009,78,84,0.4814814814814815,1747919,73558500,0.7120000000000001,4.18
323,Houston Astros,2009,74,88,0.4567901234567901,2521076,102996414,0.7190000000000001,4.54
324,Pittsburgh Pirates,2009,62,99,0.38509316770186336,1577853,48693000,0.705,4.59
325,Los Angeles Dodgers,2009,95,67,0.5864197530864198,3761655,100414592,0.758,3.41
326,Colorado Rockies,2009,92,70,0.5679012345679012,2665080,75201000,0.784,4.22
327,San Francisco Giants,2009,88,74,0.5432098765432098,2862110,82616450,0.6990000000000001,3.55
328,San Diego Padres,2009,75,87,0.462962962962963,1919603,43734200,0.701,4.37
329,Arizona Diamondbacks,2009,70,92,0.4320987654320987,2128765,73516666,0.742,4.42
330,Tampa Bay Rays,2008,97,65,0.5987654320987654,1811986,43820597,0.762,3.82
331,Boston Red Sox,2008,95,67,0.5864197530864198,3048250,133390035,0.805,4.01
332,New York Yankees,2008,89,73,0.5493827160493827,4298655,209081577,0.769,4.28
333,Toronto Blue Jays,2008,86,76,0.5308641975308642,2399786,97793900,0.731,3.49
334,Baltimore Orioles,2008,68,93,0.42236024844720504,1950075,67196246,0.762,5.13
335,Chicago White Sox,2008,89,74,0.5460122699386503,2500648,121189332,0.78,4.06
336,Minnesota Twins,2008,88,75,0.5398773006134969,2302431,56932766,0.748,4.16
337,Cleveland Indians,2008,81,81,0.5,2169760,78970066,0.763,4.45
338,Kansas City Royals,2008,75,87,0.462962962962963,1578922,58245500,0.7170000000000001,4.48
339,Detroit Tigers,2008,74,88,0.4567901234567901,3202645,137685196,0.784,4.9
340,Los Angeles Angels,2008,100,62,0.6172839506172839,3336747,119216333,0.743,3.99
341,Texas Rangers,2008,79,83,0.4876543209876543,1945677,67712326,0.816,5.37
342,Oakland Athletics,2008,75,86,0.4658385093167702,1665256,47967126,0.6859999999999999,4.01
343,Seattle Mariners,2008,61,101,0.3765432098765432,2329702,117666482,0.7070000000000001,4.73
344,Philadelphia Phillies,2008,92,70,0.5679012345679012,3422583,98269880,0.77,3.88
345,New York Mets,2008,89,73,0.5493827160493827,4042045,137793376,0.7609999999999999,4.07
346,Miami Marlins,2008,84,77,0.5217391304347826,1335076,21811500,0.759,4.43
347,Atlanta Braves,2008,72,90,0.4444444444444444,2532834,102365683,0.753,4.46
348,Washington Nationals,2008,59,102,0.36645962732919257,2320400,54961000,0.696,4.66
349,Chicago Cubs,2008,97,64,0.6024844720496895,3300200,118345833,0.797,3.87
350,Milwaukee Brewers,2008,90,72,0.5555555555555556,3068458,80937499,0.757,3.85
351,Houston Astros,2008,86,75,0.5341614906832298,2779487,88930414,0.737,4.36
352,St. Louis Cardinals,2008,86,76,0.5308641975308642,3432917,99624449,0.7829999999999999,4.19
353,Cincinnati Reds,2008,74,88,0.4567901234567901,2058632,74117695,0.7290000000000001,4.55
354,Pittsburgh Pirates,2008,67,95,0.41358024691358025,1609076,48689783,0.723,5.08
355,Los Angeles Dodgers,2008,84,78,0.5185185185185185,3730553,118588536,0.732,3.68
356,Arizona Diamondbacks,2008,82,80,0.5061728395061729,2509924,66202712,0.742,3.98
357,Colorado Rockies,2008,74,88,0.4567901234567901,2650218,68655500,0.7509999999999999,4.77
358,San Francisco Giants,2008,72,90,0.4444444444444444,2863837,76594500,0.703,4.38
359,San Diego Padres,2008,63,99,0.3888888888888889,2427535,73677616,0.7070000000000001,4.41
360,Boston Red Sox,2007,96,66,0.5925925925925926,2970755,143026214,0.8059999999999999,3.87
361,New York Yankees,2007,94,68,0.5802469135802469,4271083,189259045,0.8290000000000001,4.49
362,Toronto Blue Jays,2007,83,79,0.5123456790123457,2360644,81942800,0.746,4.0
363,Baltimore Orioles,2007,69,93,0.4259259259259259,2164822,93174808,0.746,5.17
364,Tampa Bay Rays,2007,66,96,0.4074074074074074,1387603,24123500,0.769,5.53
365,Cleveland Indians,2007,96,66,0.5925925925925926,2275912,61673267,0.7709999999999999,4.05
366,Detroit Tigers,2007,88,74,0.5432098765432098,3047133,94800369,0.802,4.57
367,Minnesota Twins,2007,79,83,0.4876543209876543,2296383,71439500,0.721,4.15
368,Chicago White Sox,2007,72,90,0.4444444444444444,2684395,108671833,0.722,4.77
369,Kansas City Royals,2007,69,93,0.4259259259259259,1616867,67116500,0.71,4.48
370,Los Angeles Angels,2007,94,68,0.5802469135802469,3365632,109251333,0.762,4.23
371,Seattle Mariners,2007,88,74,0.5432098765432098,2672223,106460833,0.762,4.73
372,Oakland Athletics,2007,76,86,0.4691358024691358,1921844,79366940,0.745,4.28
373,Texas Rangers,2007,75,87,0.462962962962963,2353862,68318675,0.754,4.75
374,Philadelphia Phillies,2007,89,73,0.5493827160493827,3108325,89428213,0.812,4.73
375,New York Mets,2007,88,74,0.5432098765432098,3853955,115231663,0.775,4.26
376,Atlanta Braves,2007,84,78,0.5185185185185185,2745207,87290833,0.774,4.11
377,Washington Nationals,2007,73,89,0.4506172839506173,1943812,36947500,0.715,4.58
378,Miami Marlins,2007,71,91,0.4382716049382716,1370511,30507000,0.784,4.94
379,Chicago Cubs,2007,85,77,0.5246913580246914,3252462,99670332,0.754,4.04
380,Milwaukee Brewers,2007,83,79,0.5123456790123457,2869144,70986500,0.785,4.41
381,St. Louis Cardinals,2007,78,84,0.4814814814814815,3552180,90286823,0.743,4.65
382,Houston Astros,2007,73,89,0.4506172839506173,3020405,87759000,0.742,4.68
383,Cincinnati Reds,2007,72,90,0.4444444444444444,2058593,68524980,0.772,4.94
384,Pittsburgh Pirates,2007,68,94,0.41975308641975306,1749142,38537833,0.736,4.93
385,Arizona Diamondbacks,2007,90,72,0.5555555555555556,2325249,52067546,0.7340000000000001,4.13
386,Colorado Rockies,2007,90,73,0.5521472392638037,2376250,54041000,0.7909999999999999,4.32
387,San Diego Padres,2007,89,74,0.5460122699386503,2790074,58110567,0.732,3.7
388,Los Angeles Dodgers,2007,82,80,0.5061728395061729,3857036,108454524,0.743,4.2
389,San Francisco Giants,2007,71,91,0.4382716049382716,3223215,90219056,0.708,4.19
390,New York Yankees,2006,97,65,0.5987654320987654,4248067,194663079,0.8240000000000001,4.41
391,Toronto Blue Jays,2006,87,75,0.5370370370370371,2302212,71915000,0.8109999999999999,4.37
392,Boston Red Sox,2006,86,76,0.5308641975308642,2930588,120099824,0.7859999999999999,4.83
393,Baltimore Orioles,2006,70,92,0.4320987654320987,2153139,72585582,0.763,5.35
394,Tampa Bay Rays,2006,61,101,0.3765432098765432,1368950,35417967,0.733,4.96
395,Minnesota Twins,2006,96,66,0.5925925925925926,2285018,63396006,0.7709999999999999,3.95
396,Detroit Tigers,2006,95,67,0.5864197530864198,2595937,82612866,0.777,3.84
397,Chicago White Sox,2006,90,72,0.5555555555555556,2957414,102750667,0.8059999999999999,4.61
398,Cleveland Indians,2006,78,84,0.4814814814814815,1997995,56031500,0.8059999999999999,4.41
399,Kansas City Royals,2006,62,100,0.382716049382716,1372638,47294000,0.743,5.65
400,Oakland Athletics,2006,93,69,0.5740740740740741,1976625,62243079,0.752,4.21
401,Los Angeles Angels,2006,89,73,0.5493827160493827,3406790,103472000,0.759,4.04
402,Texas Rangers,2006,80,82,0.4938271604938271,2388757,68228662,0.784,4.6
403,Seattle Mariners,2006,78,84,0.4814814814814815,2481165,87959833,0.7490000000000001,4.6
404,New York Mets,2006,97,65,0.5987654320987654,3379535,101084963,0.78,4.14
405,Philadelphia Phillies,2006,85,77,0.5246913580246914,2701815,88273333,0.794,4.6
406,Atlanta Braves,2006,79,83,0.4876543209876543,2550524,90156876,0.7909999999999999,4.6
407,Miami Marlins,2006,78,84,0.4814814814814815,1164134,14998500,0.7659999999999999,4.37
408,Washington Nationals,2006,71,91,0.4382716049382716,2153056,63143000,0.7559999999999999,5.03
409,St. Louis Cardinals,2006,83,78,0.515527950310559,3407104,88891371,0.769,4.54
410,Houston Astros,2006,82,80,0.5061728395061729,3022763,92551503,0.741,4.08
411,Cincinnati Reds,2006,80,82,0.4938271604938271,2134607,60909519,0.768,4.51
412,Milwaukee Brewers,2006,75,87,0.462962962962963,2335643,57568333,0.747,4.82
413,Pittsburgh Pirates,2006,67,95,0.41358024691358025,1861549,46717750,0.723,4.52
414,Chicago Cubs,2006,66,96,0.4074074074074074,3123215,94424499,0.741,4.74
415,San Diego Padres,2006,88,74,0.5432098765432098,2659757,69896141,0.7490000000000001,3.87
416,Los Angeles Dodgers,2006,88,74,0.5432098765432098,3758545,98447187,0.7809999999999999,4.23
417,San Francisco Giants,2006,76,85,0.4720496894409938,3130313,90056419,0.746,4.63
418,Arizona Diamondbacks,2006,76,86,0.4691358024691358,2091685,59684226,0.755,4.48
419,Colorado Rockies,2006,76,86,0.4691358024691358,2104362,41233000,0.774,4.66
420,New York Yankees,2005,95,67,0.5864197530864198,4090696,208306817,0.805,4.52
421,Boston Red Sox,2005,95,67,0.5864197530864198,2847888,123505125,0.8109999999999999,4.74
422,Toronto Blue Jays,2005,80,82,0.4938271604938271,2014995,45719500,0.738,4.06
423,Baltimore Orioles,2005,74,88,0.4567901234567901,2624740,73914333,0.7609999999999999,4.56
424,Tampa Bay Rays,2005,67,95,0.41358024691358025,1141669,29679067,0.754,5.39
425,Chicago White Sox,2005,99,63,0.6111111111111112,2342833,75178000,0.747,3.61
426,Cleveland Indians,2005,93,69,0.5740740740740741,2013763,41502500,0.787,3.61
427,Minnesota Twins,2005,83,79,0.5123456790123457,2034243,56186000,0.7140000000000001,3.71
428,Detroit Tigers,2005,71,91,0.4382716049382716,2024431,69092000,0.75,4.51
429,Kansas City Royals,2005,56,106,0.34567901234567894,1371181,36881000,0.716,5.49
430,Los Angeles Angels,2005,95,67,0.5864197530864198,3404686,97725322,0.7340000000000001,3.68
431,Oakland Athletics,2005,88,74,0.5432098765432098,2109118,55425762,0.737,3.69
432,Texas Rangers,2005,79,83,0.4876543209876543,2525221,55849000,0.7979999999999999,4.96
433,Seattle Mariners,2005,69,93,0.4259259259259259,2725459,87754334,0.7090000000000001,4.49
434,Atlanta Braves,2005,90,72,0.5555555555555556,2521167,86457302,0.768,3.98
435,Philadelphia Phillies,2005,88,74,0.5432098765432098,2665304,95522000,0.772,4.21
436,Miami Marlins,2005,83,79,0.5123456790123457,1852608,60408834,0.748,4.16
437,New York Mets,2005,83,79,0.5123456790123457,2829929,101305821,0.738,3.76
438,Washington Nationals,2005,81,81,0.5,2731993,48581500,0.708,3.87
439,St. Louis Cardinals,2005,100,62,0.6172839506172839,3538988,92106833,0.762,3.49
440,Houston Astros,2005,89,73,0.5493827160493827,2804760,76779000,0.73,3.51
441,Milwaukee Brewers,2005,81,81,0.5,2211023,39934833,0.754,3.97
442,Chicago Cubs,2005,79,83,0.4876543209876543,3099992,87032933,0.764,4.19
443,Cincinnati Reds,2005,73,89,0.4506172839506173,1943067,61892583,0.785,5.15
444,Pittsburgh Pirates,2005,67,95,0.41358024691358025,1817245,38133000,0.723,4.42
445,San Diego Padres,2005,82,80,0.5061728395061729,2869787,63290833,0.7240000000000001,4.13
446,Arizona Diamondbacks,2005,77,85,0.4753086419753086,2059424,62329166,0.754,4.84
447,San Francisco Giants,2005,75,87,0.462962962962963,3181023,90199500,0.7140000000000001,4.33
448,Los Angeles Dodgers,2005,71,91,0.4382716049382716,3603646,83039000,0.721,4.38
449,Colorado Rockies,2005,67,95,0.41358024691358025,1914389,48155000,0.7440000000000001,5.13
450,New York Yankees,2004,101,61,0.6234567901234568,3775292,184193950,0.8109999999999999,4.69
451,Boston Red Sox,2004,98,64,0.6049382716049383,2837294,127298500,0.8320000000000001,4.18
452,Baltimore Orioles,2004,78,84,0.4814814814814815,2744018,51623333,0.7759999999999999,4.7
453,Tampa Bay Rays,2004,70,91,0.43478260869565216,1274911,29556667,0.725,4.81
454,Toronto Blue Jays,2004,67,94,0.4161490683229814,1900041,50017000,0.732,4.91
455,Minnesota Twins,2004,92,70,0.5679012345679012,1911490,53585000,0.763,4.03
456,Chicago White Sox,2004,83,79,0.5123456790123457,1930537,65212500,0.79,4.91
457,Cleveland Indians,2004,80,82,0.4938271604938271,1814401,34319300,0.795,4.81
458,Detroit Tigers,2004,72,90,0.4444444444444444,1917004,46832000,0.7859999999999999,4.93
459,Kansas City Royals,2004,58,104,0.3580246913580247,1661478,47609000,0.72,5.15
460,Los Angeles Angels,2004,92,70,0.5679012345679012,3375677,100534667,0.77,4.28
461,Oakland Athletics,2004,91,71,0.5617283950617284,2201516,59425667,0.7759999999999999,4.17
462,Texas Rangers,2004,89,73,0.5493827160493827,2513685,55050417,0.7859999999999999,4.53
463,Seattle Mariners,2004,63,99,0.3888888888888889,2940731,81515834,0.727,4.76
464,Atlanta Braves,2004,96,66,0.5925925925925926,2327565,90182500,0.777,3.74
465,Philadelphia Phillies,2004,86,76,0.5308641975308642,3250092,93219167,0.7879999999999999,4.45
466,Miami Marlins,2004,83,79,0.5123456790123457,1723105,42143042,0.736,4.1
467,New York Mets,2004,71,91,0.4382716049382716,2318951,96660970,0.726,4.09
468,Washington Nationals,2004,67,95,0.41358024691358025,749550,41197500,0.705,4.33
469,St. Louis Cardinals,2004,105,57,0.6481481481481481,3048427,83228333,0.804,3.75
470,Houston Astros,2004,92,70,0.5679012345679012,3087872,75397000,0.778,4.05
471,Chicago Cubs,2004,89,73,0.5493827160493827,3170154,90560000,0.7859999999999999,3.81
472,Cincinnati Reds,2004,76,86,0.4691358024691358,2287250,46615250,0.7490000000000001,5.19
473,Pittsburgh Pirates,2004,72,89,0.4472049689440994,1580031,32227929,0.722,4.29
474,Milwaukee Brewers,2004,67,94,0.4161490683229814,2062382,27528500,0.708,4.24
475,Los Angeles Dodgers,2004,93,69,0.5740740740740741,3488283,92902001,0.755,4.01
476,San Francisco Giants,2004,91,71,0.5617283950617284,3256854,82019166,0.795,4.29
477,San Diego Padres,2004,87,75,0.5370370370370371,3016752,55384833,0.7559999999999999,4.03
478,Colorado Rockies,2004,68,94,0.41975308641975306,2338069,65445167,0.8,5.54
479,Arizona Diamondbacks,2004,51,111,0.3148148148148148,2519560,69780750,0.703,4.98
480,New York Yankees,2003,101,61,0.6234567901234568,3465600,152749814,0.81,4.02
481,Boston Red Sox,2003,95,67,0.5864197530864198,2724165,99946500,0.851,4.48
482,Toronto Blue Jays,2003,86,76,0.5308641975308642,1799458,51269000,0.8029999999999999,4.69
483,Baltimore Orioles,2003,71,91,0.4382716049382716,2454523,73877500,0.7290000000000001,4.76
484,Tampa Bay Rays,2003,63,99,0.3888888888888889,1058695,19630000,0.7240000000000001,4.96
485,Minnesota Twins,2003,90,72,0.5555555555555556,1946011,55505000,0.772,4.41
486,Chicago White Sox,2003,86,76,0.5308641975308642,1939524,51010000,0.777,4.17
487,Kansas City Royals,2003,83,79,0.5123456790123457,1779895,40518000,0.763,5.05
488,Cleveland Indians,2003,68,94,0.41975308641975306,1730002,45584834,0.7170000000000001,4.21
489,Detroit Tigers,2003,43,119,0.2654320987654321,1368245,49168000,0.675,5.3
490,Oakland Athletics,2003,96,66,0.5925925925925926,2216596,50260834,0.743,3.63
491,Seattle Mariners,2003,93,69,0.5740740740740741,3268509,86959167,0.754,3.76
492,Los Angeles Angels,2003,77,85,0.4753086419753086,3061094,79031667,0.743,4.28
493,Texas Rangers,2003,71,91,0.4382716049382716,2094394,103491667,0.784,5.67
494,Atlanta Braves,2003,101,61,0.6234567901234568,2401084,106243667,0.8240000000000001,4.1
495,Miami Marlins,2003,91,71,0.5617283950617284,1303215,49050000,0.754,4.04
496,Philadelphia Phillies,2003,86,76,0.5308641975308642,2259948,70780000,0.762,4.04
497,Washington Nationals,2003,83,79,0.5123456790123457,1025639,51948500,0.727,4.01
498,New York Mets,2003,66,95,0.40993788819875776,2140599,117176429,0.688,4.48
499,Chicago Cubs,2003,88,74,0.5432098765432098,2962630,79868333,0.7390000000000001,3.83
500,Houston Astros,2003,87,75,0.5370370370370371,2454241,71040000,0.767,3.86
501,St. Louis Cardinals,2003,85,77,0.5246913580246914,2910386,83486666,0.804,4.6
502,Pittsburgh Pirates,2003,75,87,0.462962962962963,1636751,54812429,0.758,4.64
503,Cincinnati Reds,2003,69,93,0.4259259259259259,2355259,59355667,0.713,5.09
504,Milwaukee Brewers,2003,68,94,0.41975308641975306,1700354,40627000,0.748,5.02
505,San Francisco Giants,2003,100,61,0.6211180124223602,3264898,82852167,0.763,3.73
506,Los Angeles Dodgers,2003,85,77,0.5246913580246914,3138626,105872620,0.6709999999999999,3.16
507,Arizona Diamondbacks,2003,84,78,0.5185185185185185,2805542,80640333,0.746,3.84
508,Colorado Rockies,2003,74,88,0.4567901234567901,2334085,67179667,0.79,5.2
509,San Diego Padres,2003,64,98,0.3950617283950617,2030084,47928000,0.721,4.87
510,New York Yankees,2002,103,58,0.639751552795031,3465807,125928583,0.809,3.87
511,Boston Red Sox,2002,93,69,0.5740740740740741,2650862,108366060,0.789,3.75
512,Toronto Blue Jays,2002,78,84,0.4814814814814815,1637900,76864333,0.757,4.8
513,Baltimore Orioles,2002,67,95,0.41358024691358025,2682439,60493487,0.7120000000000001,4.46
514,Tampa Bay Rays,2002,55,106,0.3416149068322981,1065742,34380000,0.7040000000000001,5.29
515,Minnesota Twins,2002,94,67,0.5838509316770186,1924473,40225000,0.769,4.12
516,Chicago White Sox,2002,81,81,0.5,1676911,57052833,0.787,4.53
517,Cleveland Indians,2002,74,88,0.4567901234567901,2616940,78909449,0.733,4.91
518,Kansas City Royals,2002,62,100,0.382716049382716,1323036,47257000,0.721,5.21
519,Detroit Tigers,2002,55,106,0.3416149068322981,1503623,55048000,0.679,4.92
520,Oakland Athletics,2002,103,59,0.6358024691358025,2169811,40004167,0.7709999999999999,3.68
521,Los Angeles Angels,2002,99,63,0.6111111111111112,2305547,61721667,0.773,3.69
522,Seattle Mariners,2002,93,69,0.5740740740740741,3542938,80282668,0.769,4.07
523,Texas Rangers,2002,72,90,0.4444444444444444,2352397,105726122,0.794,5.15
524,Atlanta Braves,2002,101,59,0.63125,2603484,93470367,0.741,3.13
525,Washington Nationals,2002,83,79,0.5123456790123457,812045,38670500,0.752,3.97
526,Philadelphia Phillies,2002,80,81,0.4968944099378882,1618467,57957999,0.7609999999999999,4.17
527,Miami Marlins,2002,79,83,0.4876543209876543,813118,41979917,0.74,4.36
528,New York Mets,2002,75,86,0.4658385093167702,2804838,94633593,0.7170000000000001,3.89
529,St. Louis Cardinals,2002,97,65,0.5987654320987654,3011756,74660875,0.763,3.7
530,Houston Astros,2002,84,78,0.5185185185185185,2517357,63448417,0.755,4.0
531,Cincinnati Reds,2002,78,84,0.4814814814814815,1855787,45050390,0.738,4.27
532,Pittsburgh Pirates,2002,72,89,0.4472049689440994,1784988,42323599,0.7,4.23
533,Chicago Cubs,2002,67,95,0.41358024691358025,2693096,75690833,0.7340000000000001,4.29
534,Milwaukee Brewers,2002,56,106,0.34567901234567894,1969153,50287833,0.711,4.73
535,Arizona Diamondbacks,2002,98,64,0.6049382716049383,3198977,102819999,0.769,3.92
536,San Francisco Giants,2002,95,66,0.5900621118012422,3253203,78299835,0.7859999999999999,3.54
537,Los Angeles Dodgers,2002,92,70,0.5679012345679012,3131255,94850953,0.7290000000000001,3.69
538,Colorado Rockies,2002,73,89,0.4506172839506173,2737838,56851043,0.76,5.2
539,San Diego Padres,2002,66,96,0.4074074074074074,2220601,41425000,0.7020000000000001,4.62
540,New York Yankees,2001,95,65,0.59375,3264907,112287143,0.769,4.02
541,Boston Red Sox,2001,82,79,0.5093167701863354,2625333,109675833,0.773,4.15
542,Toronto Blue Jays,2001,80,82,0.4938271604938271,1915438,76895999,0.755,4.28
543,Baltimore Orioles,2001,63,98,0.39130434782608703,3094841,74279540,0.6990000000000001,4.67
544,Tampa Bay Rays,2001,62,100,0.382716049382716,1298365,56980000,0.7070000000000001,4.94
545,Cleveland Indians,2001,91,71,0.5617283950617284,3175523,92660001,0.807,4.64
546,Minnesota Twins,2001,85,77,0.5246913580246914,1782929,24130000,0.77,4.51
547,Chicago White Sox,2001,83,79,0.5123456790123457,1766172,65628667,0.785,4.55
548,Detroit Tigers,2001,66,96,0.4074074074074074,1921305,49356167,0.73,5.01
549,Kansas City Royals,2001,65,97,0.4012345679012346,1536371,35422500,0.727,4.87
550,Seattle Mariners,2001,116,46,0.7160493827160493,3507326,74720834,0.805,3.54
551,Oakland Athletics,2001,102,60,0.6296296296296297,2133277,33810750,0.784,3.59
552,Los Angeles Angels,2001,75,87,0.462962962962963,2000919,47735168,0.732,4.2
553,Texas Rangers,2001,73,89,0.4506172839506173,2831021,88633500,0.815,5.71
554,Atlanta Braves,2001,88,74,0.5432098765432098,2823530,91936166,0.736,3.59
555,Philadelphia Phillies,2001,86,76,0.5308641975308642,1782054,41663833,0.743,4.15
556,New York Mets,2001,82,80,0.5061728395061729,2658330,93674428,0.71,4.07
557,Miami Marlins,2001,76,86,0.4691358024691358,1261226,35562500,0.7490000000000001,4.32
558,Washington Nationals,2001,68,94,0.41975308641975306,642745,34849500,0.715,4.68
559,Houston Astros,2001,93,69,0.5740740740740741,2904277,60387667,0.7979999999999999,4.37
560,St. Louis Cardinals,2001,93,69,0.5740740740740741,3109578,78333333,0.78,3.93
561,Chicago Cubs,2001,88,74,0.5432098765432098,2779465,64515833,0.7659999999999999,4.03
562,Milwaukee Brewers,2001,68,94,0.41975308641975306,2811041,45099333,0.745,4.64
563,Cincinnati Reds,2001,66,96,0.4074074074074074,1879757,48784000,0.7440000000000001,4.77
564,Pittsburgh Pirates,2001,62,100,0.382716049382716,2464870,57760833,0.706,5.05
565,Arizona Diamondbacks,2001,92,70,0.5679012345679012,2736451,85247999,0.7829999999999999,3.87
566,San Francisco Giants,2001,90,72,0.5555555555555556,3311958,63280167,0.802,4.18
567,Los Angeles Dodgers,2001,86,76,0.5308641975308642,3017143,109105953,0.748,4.25
568,San Diego Padres,2001,79,83,0.4876543209876543,2378128,38882833,0.735,4.52
569,Colorado Rockies,2001,73,89,0.4506172839506173,3166821,71541334,0.8370000000000001,5.29
570,New York Yankees,2000,87,74,0.5403726708074534,3055435,92938260,0.804,4.76
571,Boston Red Sox,2000,85,77,0.5246913580246914,2585895,81210333,0.764,4.23
572,Toronto Blue Jays,2000,83,79,0.5123456790123457,1705712,46363332,0.81,5.14
573,Baltimore Orioles,2000,74,88,0.4567901234567901,3297031,83141198,0.7759999999999999,5.37
574,Tampa Bay Rays,2000,69,92,0.42857142857142855,1449673,64407910,0.728,4.86
575,Chicago White Sox,2000,95,67,0.5864197530864198,1947799,31159000,0.826,4.66
576,Cleveland Indians,2000,90,72,0.5555555555555556,3456278,76508334,0.8370000000000001,4.84
577,Detroit Tigers,2000,79,83,0.4876543209876543,2438617,61740167,0.7809999999999999,4.71
578,Kansas City Royals,2000,77,85,0.4753086419753086,1564847,23132500,0.773,5.48
579,Minnesota Twins,2000,69,93,0.4259259259259259,1000760,15654500,0.7440000000000001,5.14
580,Oakland Athletics,2000,91,70,0.5652173913043478,1603744,32121833,0.8170000000000001,4.58
581,Seattle Mariners,2000,91,71,0.5617283950617284,2914624,59215000,0.8029999999999999,4.49
582,Los Angeles Angels,2000,82,80,0.5061728395061729,2066982,55766667,0.825,5.0
583,Texas Rangers,2000,71,91,0.4382716049382716,2588401,70785000,0.7979999999999999,5.52
584,Atlanta Braves,2000,95,67,0.5864197530864198,3234304,82732500,0.775,4.05
585,New York Mets,2000,94,68,0.5802469135802469,2820530,79759762,0.7759999999999999,4.16
586,Miami Marlins,2000,79,82,0.4906832298136646,1218326,19870000,0.74,4.59
587,Washington Nationals,2000,67,95,0.41358024691358025,926272,33527666,0.758,5.13
588,Philadelphia Phillies,2000,65,97,0.4012345679012346,1612769,46947667,0.7290000000000001,4.77
589,St. Louis Cardinals,2000,95,67,0.5864197530864198,3336493,63993023,0.812,4.38
590,Cincinnati Reds,2000,85,77,0.5246913580246914,2577371,44217500,0.79,4.33
591,Milwaukee Brewers,2000,73,89,0.4506172839506173,1573621,35782833,0.7290000000000001,4.63
592,Houston Astros,2000,72,90,0.4444444444444444,3056139,52356667,0.8370000000000001,5.42
593,Pittsburgh Pirates,2000,69,93,0.4259259259259259,1748908,29561667,0.762,4.94
594,Chicago Cubs,2000,65,97,0.4012345679012346,2789511,62129333,0.746,5.25
595,San Francisco Giants,2000,97,65,0.5987654320987654,3318800,53541000,0.8340000000000001,4.21
596,Los Angeles Dodgers,2000,86,76,0.5308641975308642,2880242,90725953,0.7709999999999999,4.1
597,Arizona Diamondbacks,2000,85,77,0.5246913580246914,2942251,77880333,0.763,4.35
598,Colorado Rockies,2000,82,80,0.5061728395061729,3295129,64130857,0.816,5.26
599,San Diego Padres,2000,76,86,0.4691358024691358,2352443,54971000,0.732,4.52
